nama_file,kelas_asli,persentase_kecacatan,diameter_rata_rata,kadar_air,label_kualitas,apakah_ekspor
dark (1).png,Dark,0.0,20.29,11.0,Ekspor,1
dark (10).png,Dark,0.0,20.38,11.0,Ekspor,1
dark (100).png,Dark,0.0,19.83,11.6,Ekspor,1
dark (101).png,Dark,0.0,20.89,11.4,Ekspor,1
dark (102).png,Dark,100.0,19.37,10.9,Lokal,0
dark (103).png,Dark,100.0,20.22,11.0,Lokal,0
dark (104).png,Dark,100.0,21.43,11.3,Lokal,0
dark (105).png,Dark,100.0,21.43,11.3,Lokal,0
dark (106).png,Dark,100.0,21.36,11.3,Lokal,0
dark (107).png,Dark,100.0,20.59,10.9,Lokal,0
dark (108).png,Dark,100.0,20.27,10.8,Lokal,0
dark (109).png,Dark,0.0,21.56,11.0,Ekspor,1
dark (11).png,Dark,0.0,19.53,10.9,Ekspor,1
dark (110).png,Dark,0.0,18.4,12.1,Ekspor,1
dark (111).png,Dark,0.0,18.36,10.5,Ekspor,1
dark (112).png,Dark,0.0,18.48,10.6,Ekspor,1
dark (113).png,Dark,0.0,17.25,10.5,Ekspor,1
dark (114).png,Dark,0.0,20.84,10.8,Ekspor,1
dark (115).png,Dark,0.0,23.99,11.5,Ekspor,1
dark (116).png,Dark,0.0,23.79,11.2,Ekspor,1
dark (117).png,Dark,0.0,21.9,10.3,Ekspor,1
dark (118).png,Dark,0.0,19.39,10.7,Ekspor,1
dark (119).png,Dark,0.0,18.52,10.9,Ekspor,1
dark (12).png,Dark,0.0,21.2,11.1,Ekspor,1
dark (120).png,Dark,0.0,19.64,11.0,Ekspor,1
dark (121).png,Dark,0.0,20.02,11.0,Ekspor,1
dark (122).png,Dark,0.0,19.86,10.8,Ekspor,1
dark (123).png,Dark,0.0,21.9,11.1,Ekspor,1
dark (124).png,Dark,0.0,23.58,10.0,Ekspor,1
dark (125).png,Dark,0.0,22.89,11.5,Ekspor,1
dark (126).png,Dark,100.0,22.46,11.2,Lokal,0
dark (127).png,Dark,100.0,21.19,10.9,Lokal,0
dark (128).png,Dark,0.0,21.0,11.0,Ekspor,1
dark (129).png,Dark,100.0,18.0,11.1,Lokal,0
dark (13).png,Dark,0.0,21.64,10.9,Ekspor,1
dark (130).png,Dark,0.0,18.58,11.0,Ekspor,1
dark (131).png,Dark,100.0,19.14,11.1,Lokal,0
dark (132).png,Dark,0.0,18.41,10.6,Ekspor,1
dark (133).png,Dark,100.0,22.55,10.9,Lokal,0
dark (134).png,Dark,100.0,22.62,10.4,Lokal,0
dark (135).png,Dark,100.0,18.79,11.0,Lokal,0
dark (136).png,Dark,0.0,20.84,10.8,Ekspor,1
dark (137).png,Dark,0.0,19.55,10.8,Ekspor,1
dark (138).png,Dark,0.0,19.7,10.7,Ekspor,1
dark (139).png,Dark,0.0,20.32,11.2,Ekspor,1
dark (14).png,Dark,0.0,18.08,10.7,Ekspor,1
dark (140).png,Dark,0.0,20.79,10.8,Ekspor,1
dark (141).png,Dark,0.0,17.29,10.6,Ekspor,1
dark (142).png,Dark,0.0,17.46,10.8,Ekspor,1
dark (143).png,Dark,0.0,21.76,11.0,Ekspor,1
dark (144).png,Dark,0.0,20.18,10.7,Ekspor,1
dark (145).png,Dark,0.0,20.09,10.7,Ekspor,1
dark (146).png,Dark,0.0,18.14,10.9,Ekspor,1
dark (147).png,Dark,0.0,18.05,10.5,Ekspor,1
dark (148).png,Dark,0.0,19.84,11.1,Ekspor,1
dark (149).png,Dark,0.0,20.69,11.1,Ekspor,1
dark (15).png,Dark,0.0,21.56,11.2,Ekspor,1
dark (150).png,Dark,0.0,17.37,10.6,Ekspor,1
dark (151).png,Dark,0.0,18.45,10.6,Ekspor,1
dark (152).png,Dark,0.0,21.48,10.2,Ekspor,1
dark (153).png,Dark,0.0,24.51,10.6,Ekspor,1
dark (154).png,Dark,0.0,23.07,10.3,Ekspor,1
dark (155).png,Dark,0.0,21.19,10.2,Ekspor,1
dark (156).png,Dark,0.0,20.56,11.0,Ekspor,1
dark (157).png,Dark,0.0,17.38,10.5,Ekspor,1
dark (158).png,Dark,0.0,19.83,10.9,Ekspor,1
dark (159).png,Dark,0.0,17.84,11.0,Ekspor,1
dark (16).png,Dark,0.0,19.9,11.1,Ekspor,1
dark (160).png,Dark,0.0,21.38,10.9,Ekspor,1
dark (161).png,Dark,100.0,21.76,11.0,Lokal,0
dark (162).png,Dark,0.0,23.41,10.2,Ekspor,1
dark (163).png,Dark,0.0,20.25,10.7,Ekspor,1
dark (164).png,Dark,0.0,20.02,10.8,Ekspor,1
dark (165).png,Dark,0.0,20.72,10.2,Ekspor,1
dark (166).png,Dark,0.0,19.68,10.9,Ekspor,1
dark (167).png,Dark,0.0,19.28,11.0,Ekspor,1
dark (168).png,Dark,0.0,19.9,10.9,Ekspor,1
dark (169).png,Dark,0.0,17.78,10.8,Ekspor,1
dark (17).png,Dark,0.0,22.16,11.3,Ekspor,1
dark (170).png,Dark,100.0,18.95,11.1,Lokal,0
dark (171).png,Dark,0.0,21.59,11.1,Ekspor,1
dark (172).png,Dark,0.0,21.88,10.0,Ekspor,1
dark (173).png,Dark,0.0,21.14,11.1,Ekspor,1
dark (174).png,Dark,100.0,21.83,10.9,Lokal,0
dark (175).png,Dark,0.0,21.56,10.9,Ekspor,1
dark (176).png,Dark,0.0,20.98,10.9,Ekspor,1
dark (177).png,Dark,0.0,19.3,10.9,Ekspor,1
dark (178).png,Dark,0.0,18.19,10.7,Ekspor,1
dark (179).png,Dark,0.0,19.31,11.1,Ekspor,1
dark (18).png,Dark,0.0,19.95,10.9,Ekspor,1
dark (180).png,Dark,0.0,20.23,11.1,Ekspor,1
dark (181).png,Dark,100.0,20.61,10.9,Lokal,0
dark (182).png,Dark,100.0,21.25,10.8,Lokal,0
dark (183).png,Dark,100.0,21.5,11.2,Lokal,0
dark (184).png,Dark,100.0,13.12,11.5,Lokal,0
dark (185).png,Dark,0.0,19.43,10.3,Ekspor,1
dark (186).png,Dark,0.0,21.06,10.9,Ekspor,1
dark (187).png,Dark,0.0,19.08,10.6,Ekspor,1
dark (188).png,Dark,0.0,18.15,10.9,Ekspor,1
dark (189).png,Dark,0.0,16.02,10.8,Ekspor,1
dark (19).png,Dark,0.0,20.73,11.0,Ekspor,1
dark (190).png,Dark,0.0,19.09,11.1,Ekspor,1
dark (191).png,Dark,0.0,18.53,10.7,Ekspor,1
dark (192).png,Dark,100.0,19.89,10.6,Lokal,0
dark (193).png,Dark,0.0,22.43,11.3,Ekspor,1
dark (194).png,Dark,0.0,22.79,10.9,Ekspor,1
dark (195).png,Dark,0.0,19.48,10.5,Ekspor,1
dark (196).png,Dark,0.0,18.03,11.0,Ekspor,1
dark (197).png,Dark,0.0,18.18,11.0,Ekspor,1
dark (198).png,Dark,0.0,18.75,10.9,Ekspor,1
dark (199).png,Dark,0.0,16.28,10.9,Ekspor,1
dark (2).png,Dark,0.0,22.82,10.2,Ekspor,1
dark (20).png,Dark,0.0,21.71,11.3,Ekspor,1
dark (200).png,Dark,0.0,20.02,11.0,Ekspor,1
dark (201).png,Dark,0.0,20.32,11.0,Ekspor,1
dark (202).png,Dark,0.0,21.68,11.0,Ekspor,1
dark (203).png,Dark,100.0,23.08,11.2,Lokal,0
dark (204).png,Dark,100.0,21.22,10.9,Lokal,0
dark (205).png,Dark,0.0,20.91,10.5,Ekspor,1
dark (206).png,Dark,0.0,20.86,11.0,Ekspor,1
dark (207).png,Dark,0.0,20.67,11.2,Ekspor,1
dark (208).png,Dark,0.0,19.83,11.3,Ekspor,1
dark (209).png,Dark,0.0,16.68,10.7,Ekspor,1
dark (21).png,Dark,0.0,22.14,11.2,Ekspor,1
dark (210).png,Dark,100.0,17.72,10.8,Lokal,0
dark (211).png,Dark,0.0,19.95,10.9,Ekspor,1
dark (212).png,Dark,0.0,22.29,10.1,Ekspor,1
dark (213).png,Dark,100.0,21.63,11.1,Lokal,0
dark (214).png,Dark,100.0,22.02,11.2,Lokal,0
dark (215).png,Dark,100.0,20.01,10.3,Lokal,0
dark (216).png,Dark,0.0,17.27,10.4,Ekspor,1
dark (217).png,Dark,0.0,17.13,10.7,Ekspor,1
dark (218).png,Dark,0.0,16.48,10.7,Ekspor,1
dark (219).png,Dark,0.0,18.25,10.8,Ekspor,1
dark (22).png,Dark,0.0,22.32,10.8,Ekspor,1
dark (220).png,Dark,0.0,17.23,10.8,Ekspor,1
dark (221).png,Dark,0.0,17.11,10.9,Ekspor,1
dark (222).png,Dark,0.0,19.63,10.7,Ekspor,1
dark (223).png,Dark,0.0,19.15,11.0,Ekspor,1
dark (224).png,Dark,0.0,20.7,10.9,Ekspor,1
dark (225).png,Dark,0.0,17.49,10.5,Ekspor,1
dark (226).png,Dark,0.0,17.85,10.5,Ekspor,1
dark (227).png,Dark,0.0,18.4,10.7,Ekspor,1
dark (228).png,Dark,0.0,17.72,10.4,Ekspor,1
dark (229).png,Dark,100.0,20.41,11.1,Lokal,0
dark (23).png,Dark,0.0,21.08,11.1,Ekspor,1
dark (230).png,Dark,0.0,20.94,10.9,Ekspor,1
dark (231).png,Dark,100.0,22.52,11.4,Lokal,0
dark (232).png,Dark,0.0,19.81,11.0,Ekspor,1
dark (233).png,Dark,0.0,19.6,10.5,Ekspor,1
dark (234).png,Dark,0.0,18.85,10.8,Ekspor,1
dark (235).png,Dark,100.0,18.8,11.1,Lokal,0
dark (236).png,Dark,0.0,16.65,10.4,Ekspor,1
dark (237).png,Dark,0.0,19.28,10.7,Ekspor,1
dark (238).png,Dark,0.0,19.94,10.9,Ekspor,1
dark (239).png,Dark,0.0,20.18,10.8,Ekspor,1
dark (24).png,Dark,100.0,19.56,10.8,Lokal,0
dark (240).png,Dark,0.0,20.09,10.5,Ekspor,1
dark (241).png,Dark,100.0,19.28,10.6,Lokal,0
dark (242).png,Dark,100.0,18.59,10.7,Lokal,0
dark (243).png,Dark,100.0,19.14,10.8,Lokal,0
dark (244).png,Dark,100.0,17.23,10.7,Lokal,0
dark (245).png,Dark,0.0,17.57,10.8,Ekspor,1
dark (246).png,Dark,0.0,17.63,11.0,Ekspor,1
dark (247).png,Dark,0.0,17.48,10.7,Ekspor,1
dark (248).png,Dark,100.0,18.56,10.9,Lokal,0
dark (249).png,Dark,0.0,18.59,10.9,Ekspor,1
dark (25).png,Dark,100.0,21.24,11.2,Lokal,0
dark (250).png,Dark,0.0,20.39,10.3,Ekspor,1
dark (251).png,Dark,100.0,21.47,10.2,Lokal,0
dark (252).png,Dark,0.0,20.7,10.2,Ekspor,1
dark (253).png,Dark,0.0,18.21,10.1,Ekspor,1
dark (254).png,Dark,0.0,21.12,11.0,Ekspor,1
dark (255).png,Dark,0.0,17.87,11.1,Ekspor,1
dark (256).png,Dark,0.0,18.22,11.0,Ekspor,1
dark (257).png,Dark,0.0,18.69,11.0,Ekspor,1
dark (258).png,Dark,0.0,18.13,10.7,Ekspor,1
dark (259).png,Dark,0.0,20.03,10.7,Ekspor,1
dark (26).png,Dark,0.0,19.02,12.3,Ekspor,1
dark (260).png,Dark,0.0,20.18,10.0,Ekspor,1
dark (261).png,Dark,100.0,18.54,10.7,Lokal,0
dark (262).png,Dark,0.0,18.04,10.5,Ekspor,1
dark (263).png,Dark,0.0,18.53,10.6,Ekspor,1
dark (264).png,Dark,0.0,19.14,10.8,Ekspor,1
dark (265).png,Dark,100.0,17.77,10.5,Lokal,0
dark (266).png,Dark,0.0,15.27,10.6,Ekspor,1
dark (267).png,Dark,0.0,17.14,10.6,Ekspor,1
dark (268).png,Dark,0.0,18.16,11.0,Ekspor,1
dark (269).png,Dark,0.0,19.3,10.9,Ekspor,1
dark (27).png,Dark,0.0,19.4,10.7,Ekspor,1
dark (270).png,Dark,0.0,19.67,10.7,Ekspor,1
dark (271).png,Dark,100.0,19.54,10.7,Lokal,0
dark (272).png,Dark,100.0,18.96,10.7,Lokal,0
dark (273).png,Dark,0.0,17.32,10.5,Ekspor,1
dark (274).png,Dark,0.0,18.02,10.9,Ekspor,1
dark (275).png,Dark,0.0,17.32,10.8,Ekspor,1
dark (276).png,Dark,0.0,17.6,10.9,Ekspor,1
dark (277).png,Dark,0.0,17.51,10.8,Ekspor,1
dark (278).png,Dark,0.0,19.11,10.9,Ekspor,1
dark (279).png,Dark,0.0,20.91,11.0,Ekspor,1
dark (28).png,Dark,0.0,21.05,11.4,Ekspor,1
dark (280).png,Dark,0.0,21.96,10.4,Ekspor,1
dark (281).png,Dark,0.0,20.59,11.2,Ekspor,1
dark (282).png,Dark,0.0,22.21,11.1,Ekspor,1
dark (283).png,Dark,0.0,19.55,10.7,Ekspor,1
dark (284).png,Dark,0.0,17.48,10.6,Ekspor,1
dark (285).png,Dark,0.0,19.44,10.8,Ekspor,1
dark (286).png,Dark,0.0,17.59,10.8,Ekspor,1
dark (287).png,Dark,0.0,16.42,10.6,Ekspor,1
dark (288).png,Dark,0.0,18.12,10.9,Ekspor,1
dark (289).png,Dark,0.0,19.25,10.8,Ekspor,1
dark (29).png,Dark,100.0,20.66,11.3,Lokal,0
dark (290).png,Dark,100.0,22.44,11.2,Lokal,0
dark (291).png,Dark,0.0,22.28,10.2,Ekspor,1
dark (292).png,Dark,0.0,21.51,10.3,Ekspor,1
dark (293).png,Dark,0.0,20.86,10.8,Ekspor,1
dark (294).png,Dark,0.0,18.29,10.8,Ekspor,1
dark (295).png,Dark,0.0,20.11,11.1,Ekspor,1
dark (296).png,Dark,0.0,19.51,11.2,Ekspor,1
dark (297).png,Dark,0.0,16.87,10.9,Ekspor,1
dark (298).png,Dark,0.0,19.82,11.4,Ekspor,1
dark (299).png,Dark,0.0,20.94,11.1,Ekspor,1
dark (3).png,Dark,0.0,19.43,10.8,Ekspor,1
dark (30).png,Dark,100.0,19.75,10.9,Lokal,0
dark (300).png,Dark,0.0,22.14,11.0,Ekspor,1
dark (31).png,Dark,100.0,19.88,10.7,Lokal,0
dark (32).png,Dark,0.0,21.34,10.9,Ekspor,1
dark (33).png,Dark,0.0,19.51,10.7,Ekspor,1
dark (34).png,Dark,0.0,17.78,10.8,Ekspor,1
dark (35).png,Dark,0.0,18.53,10.5,Ekspor,1
dark (36).png,Dark,0.0,20.4,10.8,Ekspor,1
dark (37).png,Dark,0.0,20.51,10.8,Ekspor,1
dark (38).png,Dark,0.0,21.46,11.1,Ekspor,1
dark (39).png,Dark,0.0,19.75,11.0,Ekspor,1
dark (4).png,Dark,0.0,20.2,11.1,Ekspor,1
dark (40).png,Dark,0.0,18.79,10.8,Ekspor,1
dark (41).png,Dark,0.0,18.2,10.6,Ekspor,1
dark (42).png,Dark,0.0,18.59,10.6,Ekspor,1
dark (43).png,Dark,0.0,20.46,11.2,Ekspor,1
dark (44).png,Dark,0.0,20.94,11.2,Ekspor,1
dark (45).png,Dark,0.0,22.72,11.5,Ekspor,1
dark (46).png,Dark,0.0,23.34,11.2,Ekspor,1
dark (47).png,Dark,100.0,21.5,11.0,Lokal,0
dark (48).png,Dark,0.0,20.92,11.3,Ekspor,1
dark (49).png,Dark,100.0,21.52,11.2,Lokal,0
dark (5).png,Dark,0.0,18.13,10.9,Ekspor,1
dark (50).png,Dark,0.0,19.68,10.5,Ekspor,1
dark (51).png,Dark,0.0,18.29,10.8,Ekspor,1
dark (52).png,Dark,0.0,20.92,11.2,Ekspor,1
dark (53).png,Dark,100.0,22.17,11.7,Lokal,0
dark (54).png,Dark,100.0,22.42,11.6,Lokal,0
dark (55).png,Dark,0.0,22.94,11.0,Ekspor,1
dark (56).png,Dark,100.0,20.18,11.1,Lokal,0
dark (57).png,Dark,100.0,18.88,11.1,Lokal,0
dark (58).png,Dark,100.0,20.21,10.5,Lokal,0
dark (59).png,Dark,100.0,21.47,11.2,Lokal,0
dark (6).png,Dark,0.0,20.52,11.2,Ekspor,1
dark (60).png,Dark,0.0,22.03,11.1,Ekspor,1
dark (61).png,Dark,0.0,21.57,10.8,Ekspor,1
dark (62).png,Dark,0.0,18.6,11.5,Ekspor,1
dark (63).png,Dark,0.0,19.56,10.6,Ekspor,1
dark (64).png,Dark,0.0,18.63,10.8,Ekspor,1
dark (65).png,Dark,0.0,19.15,10.5,Ekspor,1
dark (66).png,Dark,0.0,22.83,11.3,Ekspor,1
dark (67).png,Dark,100.0,10.57,10.7,Lokal,0
dark (68).png,Dark,0.0,19.9,11.1,Ekspor,1
dark (69).png,Dark,0.0,19.5,10.7,Ekspor,1
dark (7).png,Dark,100.0,18.97,11.2,Lokal,0
dark (70).png,Dark,100.0,21.44,11.7,Lokal,0
dark (71).png,Dark,0.0,18.76,11.0,Ekspor,1
dark (72).png,Dark,100.0,20.68,11.0,Lokal,0
dark (73).png,Dark,100.0,23.73,11.6,Lokal,0
dark (74).png,Dark,100.0,23.5,11.5,Lokal,0
dark (75).png,Dark,100.0,23.5,11.5,Lokal,0
dark (76).png,Dark,100.0,23.5,11.5,Lokal,0
dark (77).png,Dark,100.0,20.71,11.3,Lokal,0
dark (78).png,Dark,100.0,20.43,11.4,Lokal,0
dark (79).png,Dark,100.0,20.43,11.4,Lokal,0
dark (8).png,Dark,0.0,18.17,10.8,Ekspor,1
dark (80).png,Dark,0.0,19.54,11.0,Ekspor,1
dark (81).png,Dark,0.0,19.54,11.0,Ekspor,1
dark (82).png,Dark,100.0,20.65,10.9,Lokal,0
dark (83).png,Dark,0.0,21.37,11.1,Ekspor,1
dark (84).png,Dark,0.0,22.08,11.2,Ekspor,1
dark (85).png,Dark,100.0,22.04,11.1,Lokal,0
dark (86).png,Dark,0.0,22.4,11.2,Ekspor,1
dark (87).png,Dark,0.0,24.07,11.2,Ekspor,1
dark (88).png,Dark,100.0,19.25,11.1,Lokal,0
dark (89).png,Dark,100.0,20.41,11.1,Lokal,0
dark (9).png,Dark,100.0,17.55,11.0,Lokal,0
dark (90).png,Dark,100.0,19.32,10.6,Lokal,0
dark (91).png,Dark,100.0,19.81,10.8,Lokal,0
dark (92).png,Dark,100.0,21.12,11.4,Lokal,0
dark (93).png,Dark,100.0,20.79,10.7,Lokal,0
dark (94).png,Dark,100.0,18.99,11.0,Lokal,0
dark (95).png,Dark,0.0,21.28,11.5,Ekspor,1
dark (96).png,Dark,100.0,19.62,10.6,Lokal,0
dark (97).png,Dark,100.0,21.95,10.6,Lokal,0
dark (98).png,Dark,100.0,20.89,10.6,Lokal,0
dark (99).png,Dark,100.0,23.22,11.8,Lokal,0
green (1).png,Green,100.0,17.85,12.1,Lokal,0
green (10).png,Green,100.0,18.93,12.7,Lokal,0
green (100).png,Green,100.0,19.24,12.9,Lokal,0
green (101).png,Green,100.0,17.06,11.8,Lokal,0
green (102).png,Green,100.0,17.05,12.8,Lokal,0
green (103).png,Green,100.0,20.73,13.0,Lokal,0
green (104).png,Green,100.0,12.84,12.6,Lokal,0
green (105).png,Green,100.0,22.26,12.4,Lokal,0
green (106).png,Green,100.0,22.89,11.9,Lokal,0
green (107).png,Green,100.0,22.01,12.5,Lokal,0
green (108).png,Green,100.0,24.0,12.8,Lokal,0
green (109).png,Green,100.0,22.08,12.5,Lokal,0
green (11).png,Green,100.0,18.66,12.6,Lokal,0
green (110).png,Green,100.0,19.83,12.2,Lokal,0
green (111).png,Green,100.0,11.31,12.6,Lokal,0
green (112).png,Green,100.0,20.77,12.7,Lokal,0
green (113).png,Green,100.0,21.23,12.6,Lokal,0
green (114).png,Green,100.0,22.5,12.7,Lokal,0
green (115).png,Green,100.0,22.4,12.4,Lokal,0
green (116).png,Green,50.0,11.84,12.7,Lokal,0
green (117).png,Green,100.0,22.24,12.6,Lokal,0
green (118).png,Green,100.0,11.44,12.6,Lokal,0
green (119).png,Green,100.0,23.01,12.6,Lokal,0
green (12).png,Green,100.0,18.51,13.2,Lokal,0
green (120).png,Green,100.0,20.14,12.4,Lokal,0
green (121).png,Green,100.0,18.35,12.4,Lokal,0
green (122).png,Green,100.0,18.48,13.2,Lokal,0
green (123).png,Green,100.0,20.48,12.6,Lokal,0
green (124).png,Green,100.0,21.73,12.7,Lokal,0
green (125).png,Green,100.0,12.96,12.6,Lokal,0
green (126).png,Green,100.0,21.65,12.5,Lokal,0
green (127).png,Green,100.0,23.81,13.0,Lokal,0
green (128).png,Green,100.0,20.38,12.9,Lokal,0
green (129).png,Green,100.0,16.53,12.8,Lokal,0
green (13).png,Green,100.0,19.78,12.8,Lokal,0
green (130).png,Green,100.0,21.31,12.6,Lokal,0
green (131).png,Green,100.0,18.82,12.6,Lokal,0
green (132).png,Green,100.0,20.67,12.4,Lokal,0
green (133).png,Green,100.0,17.68,13.1,Lokal,0
green (134).png,Green,100.0,17.58,12.5,Lokal,0
green (135).png,Green,100.0,10.06,12.6,Lokal,0
green (136).png,Green,100.0,20.19,12.3,Lokal,0
green (137).png,Green,100.0,22.25,12.9,Lokal,0
green (138).png,Green,100.0,18.54,12.9,Lokal,0
green (139).png,Green,100.0,19.67,13.0,Lokal,0
green (14).png,Green,100.0,19.63,12.7,Lokal,0
green (140).png,Green,100.0,7.1,12.5,Lokal,0
green (141).png,Green,100.0,9.71,12.9,Lokal,0
green (142).png,Green,100.0,17.83,12.2,Lokal,0
green (143).png,Green,100.0,19.05,12.4,Lokal,0
green (144).png,Green,100.0,19.69,13.1,Lokal,0
green (145).png,Green,100.0,22.0,12.4,Lokal,0
green (146).png,Green,100.0,22.06,13.1,Lokal,0
green (147).png,Green,100.0,20.57,13.5,Lokal,0
green (148).png,Green,100.0,17.71,13.2,Lokal,0
green (149).png,Green,100.0,16.52,12.5,Lokal,0
green (15).png,Green,0.0,16.67,12.1,Ekspor,1
green (150).png,Green,100.0,17.28,12.7,Lokal,0
green (151).png,Green,100.0,5.98,12.6,Lokal,0
green (152).png,Green,100.0,9.78,13.4,Lokal,0
green (153).png,Green,100.0,17.53,12.3,Lokal,0
green (154).png,Green,100.0,17.31,12.2,Lokal,0
green (155).png,Green,100.0,18.92,12.2,Lokal,0
green (156).png,Green,100.0,18.07,12.8,Lokal,0
green (157).png,Green,100.0,19.78,12.3,Lokal,0
green (158).png,Green,100.0,19.23,12.9,Lokal,0
green (159).png,Green,100.0,11.17,12.8,Lokal,0
green (16).png,Green,100.0,19.02,12.9,Lokal,0
green (160).png,Green,100.0,18.85,13.0,Lokal,0
green (161).png,Green,100.0,17.29,12.5,Lokal,0
green (162).png,Green,100.0,18.31,13.3,Lokal,0
green (163).png,Green,100.0,19.18,13.3,Lokal,0
green (164).png,Green,100.0,10.24,12.3,Lokal,0
green (165).png,Green,100.0,20.71,13.2,Lokal,0
green (166).png,Green,100.0,20.08,12.9,Lokal,0
green (167).png,Green,100.0,20.38,12.2,Lokal,0
green (168).png,Green,100.0,18.44,12.4,Lokal,0
green (169).png,Green,100.0,18.22,13.0,Lokal,0
green (17).png,Green,100.0,16.69,11.8,Lokal,0
green (170).png,Green,100.0,18.64,12.3,Lokal,0
green (171).png,Green,100.0,17.69,12.5,Lokal,0
green (172).png,Green,100.0,18.25,12.4,Lokal,0
green (173).png,Green,100.0,10.51,12.3,Lokal,0
green (174).png,Green,100.0,18.2,12.9,Lokal,0
green (175).png,Green,100.0,19.48,12.9,Lokal,0
green (176).png,Green,100.0,18.46,12.2,Lokal,0
green (177).png,Green,100.0,19.35,13.3,Lokal,0
green (178).png,Green,100.0,20.18,12.8,Lokal,0
green (179).png,Green,100.0,18.31,12.7,Lokal,0
green (18).png,Green,100.0,21.55,13.5,Lokal,0
green (180).png,Green,100.0,18.81,12.9,Lokal,0
green (181).png,Green,100.0,17.06,12.8,Lokal,0
green (182).png,Green,100.0,16.57,13.1,Lokal,0
green (183).png,Green,100.0,17.41,13.2,Lokal,0
green (184).png,Green,100.0,17.89,12.8,Lokal,0
green (185).png,Green,100.0,7.07,12.5,Lokal,0
green (186).png,Green,100.0,19.66,13.1,Lokal,0
green (187).png,Green,100.0,19.12,12.9,Lokal,0
green (188).png,Green,100.0,10.42,12.7,Lokal,0
green (189).png,Green,100.0,15.57,12.5,Lokal,0
green (19).png,Green,0.0,16.2,12.5,Ekspor,1
green (190).png,Green,100.0,16.43,12.9,Lokal,0
green (191).png,Green,100.0,17.93,12.4,Lokal,0
green (192).png,Green,100.0,9.79,12.7,Lokal,0
green (193).png,Green,100.0,18.37,13.1,Lokal,0
green (194).png,Green,100.0,20.12,12.3,Lokal,0
green (195).png,Green,100.0,18.62,12.1,Lokal,0
green (196).png,Green,100.0,19.12,12.6,Lokal,0
green (197).png,Green,100.0,17.51,13.3,Lokal,0
green (198).png,Green,100.0,16.55,12.3,Lokal,0
green (199).png,Green,100.0,16.41,13.0,Lokal,0
green (2).png,Green,100.0,14.84,13.0,Lokal,0
green (20).png,Green,100.0,17.38,12.8,Lokal,0
green (200).png,Green,100.0,17.16,12.6,Lokal,0
green (201).png,Green,100.0,9.32,12.7,Lokal,0
green (202).png,Green,100.0,11.12,12.3,Lokal,0
green (203).png,Green,100.0,20.73,12.4,Lokal,0
green (204).png,Green,100.0,18.35,12.4,Lokal,0
green (205).png,Green,100.0,19.12,12.6,Lokal,0
green (206).png,Green,100.0,21.45,13.4,Lokal,0
green (207).png,Green,100.0,21.75,12.3,Lokal,0
green (208).png,Green,100.0,20.66,12.8,Lokal,0
green (209).png,Green,100.0,10.57,13.0,Lokal,0
green (21).png,Green,100.0,16.17,12.6,Lokal,0
green (210).png,Green,100.0,10.39,13.4,Lokal,0
green (211).png,Green,100.0,19.27,13.7,Lokal,0
green (212).png,Green,100.0,19.18,12.0,Lokal,0
green (213).png,Green,100.0,17.97,12.8,Lokal,0
green (214).png,Green,100.0,18.83,12.2,Lokal,0
green (215).png,Green,100.0,21.12,13.0,Lokal,0
green (216).png,Green,100.0,20.55,13.0,Lokal,0
green (217).png,Green,100.0,18.47,12.9,Lokal,0
green (218).png,Green,100.0,18.47,13.0,Lokal,0
green (219).png,Green,100.0,19.32,12.5,Lokal,0
green (22).png,Green,100.0,18.4,13.0,Lokal,0
green (220).png,Green,100.0,19.07,12.4,Lokal,0
green (221).png,Green,100.0,17.09,12.9,Lokal,0
green (222).png,Green,100.0,19.22,12.4,Lokal,0
green (223).png,Green,100.0,20.08,12.2,Lokal,0
green (224).png,Green,100.0,18.69,12.1,Lokal,0
green (225).png,Green,100.0,20.25,12.8,Lokal,0
green (226).png,Green,100.0,20.71,13.4,Lokal,0
green (227).png,Green,100.0,20.61,13.0,Lokal,0
green (228).png,Green,100.0,19.89,12.9,Lokal,0
green (229).png,Green,100.0,17.72,13.2,Lokal,0
green (23).png,Green,100.0,15.63,12.7,Lokal,0
green (230).png,Green,100.0,16.94,13.2,Lokal,0
green (231).png,Green,100.0,16.02,12.9,Lokal,0
green (232).png,Green,100.0,18.16,13.1,Lokal,0
green (233).png,Green,100.0,10.66,12.9,Lokal,0
green (234).png,Green,100.0,19.18,12.9,Lokal,0
green (235).png,Green,100.0,19.68,12.7,Lokal,0
green (236).png,Green,100.0,19.09,13.1,Lokal,0
green (237).png,Green,100.0,20.34,13.1,Lokal,0
green (238).png,Green,100.0,18.31,12.7,Lokal,0
green (239).png,Green,100.0,18.24,13.1,Lokal,0
green (24).png,Green,100.0,16.87,12.4,Lokal,0
green (240).png,Green,100.0,18.87,12.7,Lokal,0
green (241).png,Green,100.0,17.81,13.0,Lokal,0
green (242).png,Green,100.0,17.87,12.8,Lokal,0
green (243).png,Green,100.0,19.99,12.2,Lokal,0
green (244).png,Green,100.0,18.83,12.3,Lokal,0
green (245).png,Green,100.0,18.35,12.9,Lokal,0
green (246).png,Green,100.0,19.17,12.8,Lokal,0
green (247).png,Green,100.0,16.03,12.5,Lokal,0
green (248).png,Green,100.0,19.27,12.2,Lokal,0
green (249).png,Green,100.0,17.58,12.7,Lokal,0
green (25).png,Green,100.0,15.54,12.3,Lokal,0
green (250).png,Green,100.0,17.19,12.4,Lokal,0
green (251).png,Green,100.0,18.07,12.6,Lokal,0
green (252).png,Green,100.0,17.24,13.2,Lokal,0
green (253).png,Green,100.0,17.98,13.4,Lokal,0
green (254).png,Green,100.0,10.81,13.1,Lokal,0
green (255).png,Green,100.0,17.79,12.9,Lokal,0
green (256).png,Green,100.0,8.5,13.0,Lokal,0
green (257).png,Green,100.0,17.83,13.1,Lokal,0
green (258).png,Green,100.0,17.33,13.0,Lokal,0
green (259).png,Green,100.0,17.32,12.6,Lokal,0
green (26).png,Green,100.0,16.85,12.6,Lokal,0
green (260).png,Green,100.0,16.46,12.9,Lokal,0
green (261).png,Green,100.0,17.51,13.0,Lokal,0
green (262).png,Green,100.0,16.3,12.6,Lokal,0
green (263).png,Green,100.0,18.06,12.6,Lokal,0
green (264).png,Green,100.0,18.16,12.6,Lokal,0
green (265).png,Green,100.0,19.02,13.4,Lokal,0
green (266).png,Green,100.0,17.29,13.3,Lokal,0
green (267).png,Green,100.0,16.68,12.8,Lokal,0
green (268).png,Green,100.0,16.05,12.7,Lokal,0
green (269).png,Green,100.0,17.18,12.3,Lokal,0
green (27).png,Green,100.0,15.28,12.3,Lokal,0
green (270).png,Green,100.0,15.11,12.7,Lokal,0
green (271).png,Green,100.0,9.97,13.0,Lokal,0
green (272).png,Green,100.0,15.74,12.8,Lokal,0
green (273).png,Green,100.0,9.8,12.4,Lokal,0
green (274).png,Green,100.0,17.7,13.4,Lokal,0
green (275).png,Green,100.0,19.61,12.6,Lokal,0
green (276).png,Green,100.0,17.07,13.2,Lokal,0
green (277).png,Green,100.0,16.36,12.4,Lokal,0
green (278).png,Green,100.0,17.62,13.0,Lokal,0
green (279).png,Green,100.0,15.82,12.5,Lokal,0
green (28).png,Green,100.0,16.07,12.2,Lokal,0
green (280).png,Green,100.0,14.7,12.7,Lokal,0
green (281).png,Green,100.0,17.62,13.2,Lokal,0
green (282).png,Green,100.0,16.27,12.7,Lokal,0
green (283).png,Green,100.0,16.27,12.7,Lokal,0
green (284).png,Green,100.0,17.32,12.9,Lokal,0
green (285).png,Green,100.0,16.41,12.2,Lokal,0
green (286).png,Green,100.0,17.42,13.2,Lokal,0
green (287).png,Green,100.0,17.57,13.2,Lokal,0
green (288).png,Green,100.0,17.64,12.8,Lokal,0
green (289).png,Green,100.0,14.31,12.8,Lokal,0
green (29).png,Green,100.0,15.06,12.4,Lokal,0
green (290).png,Green,100.0,17.92,13.1,Lokal,0
green (291).png,Green,100.0,15.77,12.8,Lokal,0
green (292).png,Green,100.0,17.46,13.2,Lokal,0
green (293).png,Green,100.0,18.35,12.6,Lokal,0
green (294).png,Green,100.0,16.56,12.6,Lokal,0
green (295).png,Green,100.0,15.89,13.5,Lokal,0
green (296).png,Green,100.0,18.54,13.0,Lokal,0
green (297).png,Green,100.0,18.99,12.3,Lokal,0
green (298).png,Green,100.0,17.37,13.2,Lokal,0
green (299).png,Green,100.0,10.4,12.9,Lokal,0
green (3).png,Green,100.0,19.58,12.3,Lokal,0
green (30).png,Green,100.0,15.67,12.8,Lokal,0
green (300).png,Green,100.0,18.06,13.1,Lokal,0
green (31).png,Green,100.0,18.79,13.4,Lokal,0
green (32).png,Green,100.0,17.11,13.1,Lokal,0
green (33).png,Green,100.0,15.11,12.8,Lokal,0
green (34).png,Green,100.0,16.41,12.8,Lokal,0
green (35).png,Green,100.0,16.33,12.1,Lokal,0
green (36).png,Green,100.0,17.42,12.8,Lokal,0
green (37).png,Green,100.0,19.34,13.1,Lokal,0
green (38).png,Green,100.0,14.6,12.4,Lokal,0
green (39).png,Green,100.0,17.98,12.9,Lokal,0
green (4).png,Green,100.0,20.56,12.9,Lokal,0
green (40).png,Green,100.0,18.18,12.7,Lokal,0
green (41).png,Green,100.0,19.07,12.9,Lokal,0
green (42).png,Green,100.0,15.85,12.0,Lokal,0
green (43).png,Green,100.0,15.35,11.6,Lokal,0
green (44).png,Green,100.0,16.15,12.6,Lokal,0
green (45).png,Green,100.0,16.59,12.2,Lokal,0
green (46).png,Green,100.0,16.49,13.1,Lokal,0
green (47).png,Green,100.0,18.86,12.4,Lokal,0
green (48).png,Green,100.0,6.7,12.6,Lokal,0
green (49).png,Green,100.0,19.94,12.9,Lokal,0
green (5).png,Green,100.0,20.58,12.7,Lokal,0
green (50).png,Green,100.0,15.83,12.5,Lokal,0
green (51).png,Green,100.0,16.85,12.2,Lokal,0
green (52).png,Green,100.0,17.31,12.2,Lokal,0
green (53).png,Green,100.0,19.01,12.0,Lokal,0
green (54).png,Green,100.0,9.61,12.7,Lokal,0
green (55).png,Green,100.0,13.69,12.6,Lokal,0
green (56).png,Green,100.0,17.54,11.9,Lokal,0
green (57).png,Green,100.0,19.87,12.5,Lokal,0
green (58).png,Green,100.0,19.75,12.2,Lokal,0
green (59).png,Green,100.0,18.05,12.0,Lokal,0
green (6).png,Green,100.0,19.65,12.2,Lokal,0
green (60).png,Green,100.0,15.14,12.8,Lokal,0
green (61).png,Green,100.0,9.6,12.6,Lokal,0
green (62).png,Green,100.0,17.02,12.9,Lokal,0
green (63).png,Green,100.0,17.65,12.6,Lokal,0
green (64).png,Green,100.0,18.5,12.7,Lokal,0
green (65).png,Green,100.0,22.59,13.1,Lokal,0
green (66).png,Green,100.0,18.41,13.0,Lokal,0
green (67).png,Green,100.0,18.8,12.7,Lokal,0
green (68).png,Green,100.0,9.52,12.7,Lokal,0
green (69).png,Green,100.0,16.98,12.6,Lokal,0
green (7).png,Green,100.0,16.66,12.3,Lokal,0
green (70).png,Green,100.0,18.07,13.5,Lokal,0
green (71).png,Green,100.0,17.37,13.1,Lokal,0
green (72).png,Green,100.0,16.66,11.8,Lokal,0
green (73).png,Green,100.0,17.36,12.4,Lokal,0
green (74).png,Green,100.0,16.94,12.4,Lokal,0
green (75).png,Green,100.0,17.4,12.4,Lokal,0
green (76).png,Green,100.0,19.69,12.5,Lokal,0
green (77).png,Green,100.0,18.71,12.2,Lokal,0
green (78).png,Green,100.0,17.68,12.9,Lokal,0
green (79).png,Green,100.0,17.21,12.7,Lokal,0
green (8).png,Green,100.0,18.03,12.5,Lokal,0
green (80).png,Green,100.0,16.66,12.7,Lokal,0
green (81).png,Green,100.0,18.85,12.3,Lokal,0
green (82).png,Green,100.0,18.79,12.7,Lokal,0
green (83).png,Green,100.0,18.49,12.7,Lokal,0
green (84).png,Green,100.0,19.92,12.7,Lokal,0
green (85).png,Green,100.0,18.69,13.2,Lokal,0
green (86).png,Green,100.0,17.97,12.9,Lokal,0
green (87).png,Green,100.0,10.34,12.9,Lokal,0
green (88).png,Green,100.0,10.46,12.7,Lokal,0
green (89).png,Green,100.0,20.65,13.3,Lokal,0
green (9).png,Green,100.0,19.07,12.7,Lokal,0
green (90).png,Green,100.0,19.62,12.1,Lokal,0
green (91).png,Green,100.0,15.57,12.5,Lokal,0
green (92).png,Green,100.0,18.42,12.2,Lokal,0
green (93).png,Green,100.0,18.54,12.1,Lokal,0
green (94).png,Green,100.0,17.82,12.1,Lokal,0
green (95).png,Green,100.0,17.17,12.5,Lokal,0
green (96).png,Green,100.0,16.0,12.8,Lokal,0
green (97).png,Green,100.0,17.26,13.6,Lokal,0
green (98).png,Green,100.0,18.63,12.7,Lokal,0
green (99).png,Green,100.0,18.13,13.4,Lokal,0
light (1).png,Light,100.0,18.75,12.7,Lokal,0
light (10).png,Light,0.0,16.71,12.1,Ekspor,1
light (100).png,Light,100.0,21.73,12.3,Lokal,0
light (101).png,Light,0.0,22.78,11.7,Ekspor,1
light (102).png,Light,0.0,20.73,11.5,Ekspor,1
light (103).png,Light,0.0,20.79,11.2,Ekspor,1
light (104).png,Light,100.0,20.36,12.4,Lokal,0
light (105).png,Light,100.0,20.4,12.2,Lokal,0
light (106).png,Light,0.0,21.15,12.1,Ekspor,1
light (107).png,Light,100.0,20.69,12.1,Lokal,0
light (108).png,Light,0.0,19.84,11.7,Ekspor,1
light (109).png,Light,0.0,21.23,11.7,Ekspor,1
light (11).png,Light,0.0,17.76,11.9,Ekspor,1
light (110).png,Light,100.0,24.31,11.8,Lokal,0
light (111).png,Light,100.0,20.07,12.1,Lokal,0
light (112).png,Light,100.0,21.19,11.7,Lokal,0
light (113).png,Light,0.0,20.48,12.3,Ekspor,1
light (114).png,Light,0.0,18.47,12.3,Ekspor,1
light (115).png,Light,0.0,18.32,12.0,Ekspor,1
light (116).png,Light,0.0,21.53,12.4,Ekspor,1
light (117).png,Light,0.0,18.9,12.1,Ekspor,1
light (118).png,Light,100.0,20.8,11.7,Lokal,0
light (119).png,Light,0.0,20.84,11.4,Ekspor,1
light (12).png,Light,100.0,18.36,12.5,Lokal,0
light (120).png,Light,0.0,20.43,12.0,Ekspor,1
light (121).png,Light,100.0,21.17,11.0,Lokal,0
light (122).png,Light,100.0,21.34,11.8,Lokal,0
light (123).png,Light,0.0,21.39,12.1,Ekspor,1
light (124).png,Light,0.0,20.65,12.2,Ekspor,1
light (125).png,Light,100.0,18.44,12.7,Lokal,0
light (126).png,Light,100.0,18.51,12.3,Lokal,0
light (127).png,Light,0.0,20.8,12.4,Ekspor,1
light (128).png,Light,0.0,19.69,12.0,Ekspor,1
light (129).png,Light,0.0,21.15,12.2,Ekspor,1
light (13).png,Light,0.0,20.81,12.0,Ekspor,1
light (130).png,Light,0.0,20.97,11.7,Ekspor,1
light (131).png,Light,100.0,21.72,11.1,Lokal,0
light (132).png,Light,0.0,21.46,12.3,Ekspor,1
light (133).png,Light,100.0,20.58,12.1,Lokal,0
light (134).png,Light,0.0,17.79,12.0,Ekspor,1
light (135).png,Light,0.0,20.18,12.3,Ekspor,1
light (136).png,Light,100.0,19.62,12.4,Lokal,0
light (137).png,Light,100.0,19.41,11.9,Lokal,0
light (138).png,Light,100.0,20.88,12.1,Lokal,0
light (139).png,Light,0.0,19.63,11.3,Ekspor,1
light (14).png,Light,0.0,18.8,11.3,Ekspor,1
light (140).png,Light,100.0,20.59,11.9,Lokal,0
light (141).png,Light,100.0,18.95,11.6,Lokal,0
light (142).png,Light,0.0,20.06,11.0,Ekspor,1
light (143).png,Light,0.0,19.4,11.4,Ekspor,1
light (144).png,Light,0.0,18.82,11.9,Ekspor,1
light (145).png,Light,0.0,18.45,12.5,Ekspor,1
light (146).png,Light,0.0,17.95,12.1,Ekspor,1
light (147).png,Light,0.0,20.31,12.1,Ekspor,1
light (148).png,Light,0.0,20.61,11.6,Ekspor,1
light (149).png,Light,0.0,20.77,11.4,Ekspor,1
light (15).png,Light,100.0,22.63,12.3,Lokal,0
light (150).png,Light,0.0,20.68,12.1,Ekspor,1
light (151).png,Light,100.0,21.86,11.9,Lokal,0
light (152).png,Light,0.0,22.86,11.4,Ekspor,1
light (153).png,Light,100.0,22.28,11.6,Lokal,0
light (154).png,Light,0.0,19.65,12.0,Ekspor,1
light (155).png,Light,0.0,19.69,12.4,Ekspor,1
light (156).png,Light,0.0,20.54,11.7,Ekspor,1
light (157).png,Light,0.0,21.08,11.8,Ekspor,1
light (158).png,Light,100.0,19.74,11.8,Lokal,0
light (159).png,Light,100.0,19.27,12.2,Lokal,0
light (16).png,Light,100.0,22.19,12.6,Lokal,0
light (160).png,Light,0.0,17.55,12.1,Ekspor,1
light (161).png,Light,100.0,17.57,12.2,Lokal,0
light (162).png,Light,100.0,10.63,12.2,Lokal,0
light (163).png,Light,100.0,16.69,11.3,Lokal,0
light (164).png,Light,100.0,18.3,12.8,Lokal,0
light (165).png,Light,100.0,18.38,12.9,Lokal,0
light (166).png,Light,100.0,17.58,12.9,Lokal,0
light (167).png,Light,100.0,17.87,12.3,Lokal,0
light (168).png,Light,100.0,17.56,11.9,Lokal,0
light (169).png,Light,100.0,10.96,13.1,Lokal,0
light (17).png,Light,0.0,20.14,12.0,Ekspor,1
light (170).png,Light,100.0,21.95,12.9,Lokal,0
light (171).png,Light,100.0,20.13,12.8,Lokal,0
light (172).png,Light,100.0,19.96,11.8,Lokal,0
light (173).png,Light,100.0,18.09,11.5,Lokal,0
light (174).png,Light,100.0,21.82,13.0,Lokal,0
light (175).png,Light,100.0,19.64,12.7,Lokal,0
light (176).png,Light,100.0,17.58,12.1,Lokal,0
light (177).png,Light,100.0,19.69,12.2,Lokal,0
light (178).png,Light,100.0,21.17,12.7,Lokal,0
light (179).png,Light,100.0,21.03,12.6,Lokal,0
light (18).png,Light,0.0,19.15,11.8,Ekspor,1
light (180).png,Light,100.0,20.53,12.4,Lokal,0
light (181).png,Light,100.0,20.84,12.5,Lokal,0
light (182).png,Light,100.0,17.35,11.8,Lokal,0
light (183).png,Light,100.0,19.84,13.2,Lokal,0
light (184).png,Light,100.0,17.21,12.2,Lokal,0
light (185).png,Light,100.0,18.37,12.8,Lokal,0
light (186).png,Light,100.0,20.55,12.8,Lokal,0
light (187).png,Light,100.0,21.32,12.5,Lokal,0
light (188).png,Light,100.0,18.98,13.0,Lokal,0
light (189).png,Light,100.0,20.98,11.7,Lokal,0
light (19).png,Light,100.0,18.81,12.6,Lokal,0
light (190).png,Light,100.0,20.72,12.1,Lokal,0
light (191).png,Light,100.0,22.16,12.3,Lokal,0
light (192).png,Light,100.0,21.31,12.8,Lokal,0
light (193).png,Light,100.0,19.48,12.8,Lokal,0
light (194).png,Light,100.0,19.4,12.6,Lokal,0
light (195).png,Light,100.0,19.82,12.2,Lokal,0
light (196).png,Light,100.0,19.06,12.0,Lokal,0
light (197).png,Light,100.0,21.1,12.8,Lokal,0
light (198).png,Light,100.0,19.99,12.7,Lokal,0
light (199).png,Light,100.0,23.54,12.8,Lokal,0
light (2).png,Light,100.0,19.0,12.8,Lokal,0
light (20).png,Light,0.0,20.77,12.2,Ekspor,1
light (200).png,Light,100.0,20.86,12.7,Lokal,0
light (201).png,Light,100.0,19.04,12.1,Lokal,0
light (202).png,Light,100.0,18.32,12.6,Lokal,0
light (203).png,Light,100.0,18.63,12.2,Lokal,0
light (204).png,Light,100.0,16.29,12.1,Lokal,0
light (205).png,Light,100.0,20.18,12.7,Lokal,0
light (206).png,Light,100.0,22.61,12.5,Lokal,0
light (207).png,Light,100.0,20.37,12.3,Lokal,0
light (208).png,Light,100.0,19.81,12.4,Lokal,0
light (209).png,Light,100.0,17.94,11.8,Lokal,0
light (21).png,Light,0.0,18.66,12.4,Ekspor,1
light (210).png,Light,100.0,18.49,12.3,Lokal,0
light (211).png,Light,0.0,18.36,12.4,Ekspor,1
light (212).png,Light,0.0,20.36,12.3,Ekspor,1
light (213).png,Light,100.0,22.33,12.7,Lokal,0
light (214).png,Light,100.0,21.96,12.7,Lokal,0
light (215).png,Light,100.0,19.01,12.3,Lokal,0
light (216).png,Light,100.0,22.27,12.7,Lokal,0
light (217).png,Light,100.0,20.0,12.5,Lokal,0
light (218).png,Light,100.0,21.86,12.6,Lokal,0
light (219).png,Light,100.0,22.45,12.4,Lokal,0
light (22).png,Light,0.0,20.37,12.7,Lokal,0
light (220).png,Light,100.0,20.32,12.1,Lokal,0
light (221).png,Light,100.0,23.64,12.3,Lokal,0
light (222).png,Light,100.0,19.32,11.5,Lokal,0
light (223).png,Light,100.0,19.66,13.0,Lokal,0
light (224).png,Light,0.0,20.75,12.7,Lokal,0
light (225).png,Light,100.0,21.9,12.8,Lokal,0
light (226).png,Light,100.0,20.99,12.6,Lokal,0
light (227).png,Light,100.0,20.87,12.4,Lokal,0
light (228).png,Light,100.0,21.06,12.3,Lokal,0
light (229).png,Light,100.0,18.98,12.2,Lokal,0
light (23).png,Light,0.0,21.64,12.4,Ekspor,1
light (230).png,Light,100.0,19.97,12.2,Lokal,0
light (231).png,Light,0.0,20.23,12.0,Ekspor,1
light (232).png,Light,100.0,20.41,12.7,Lokal,0
light (233).png,Light,100.0,21.17,12.9,Lokal,0
light (234).png,Light,100.0,22.0,12.5,Lokal,0
light (235).png,Light,100.0,21.8,12.5,Lokal,0
light (236).png,Light,100.0,21.63,12.6,Lokal,0
light (237).png,Light,0.0,22.79,13.0,Lokal,0
light (238).png,Light,100.0,18.59,11.9,Lokal,0
light (239).png,Light,0.0,20.94,12.7,Lokal,0
light (24).png,Light,0.0,19.42,11.7,Ekspor,1
light (240).png,Light,100.0,19.04,12.0,Lokal,0
light (241).png,Light,100.0,21.17,12.7,Lokal,0
light (242).png,Light,100.0,21.6,12.5,Lokal,0
light (243).png,Light,100.0,17.43,12.8,Lokal,0
light (244).png,Light,0.0,19.71,11.9,Ekspor,1
light (245).png,Light,100.0,20.63,12.2,Lokal,0
light (246).png,Light,100.0,23.51,12.8,Lokal,0
light (247).png,Light,100.0,21.32,12.7,Lokal,0
light (248).png,Light,100.0,7.73,12.4,Lokal,0
light (249).png,Light,0.0,20.79,12.2,Ekspor,1
light (25).png,Light,100.0,22.0,12.4,Lokal,0
light (250).png,Light,100.0,18.96,12.6,Lokal,0
light (251).png,Light,100.0,20.83,12.2,Lokal,0
light (252).png,Light,100.0,21.1,12.8,Lokal,0
light (253).png,Light,100.0,20.87,12.4,Lokal,0
light (254).png,Light,100.0,22.09,13.1,Lokal,0
light (255).png,Light,100.0,11.92,11.7,Lokal,0
light (256).png,Light,100.0,19.4,12.0,Lokal,0
light (257).png,Light,100.0,22.26,12.1,Lokal,0
light (258).png,Light,100.0,20.19,12.1,Lokal,0
light (259).png,Light,100.0,20.48,11.9,Lokal,0
light (26).png,Light,100.0,21.39,12.4,Lokal,0
light (260).png,Light,100.0,20.81,12.3,Lokal,0
light (261).png,Light,100.0,18.11,12.3,Lokal,0
light (262).png,Light,100.0,11.44,11.9,Lokal,0
light (263).png,Light,100.0,22.93,12.5,Lokal,0
light (264).png,Light,100.0,20.81,12.3,Lokal,0
light (265).png,Light,100.0,19.58,12.5,Lokal,0
light (266).png,Light,100.0,19.83,12.5,Lokal,0
light (267).png,Light,100.0,19.25,11.6,Lokal,0
light (268).png,Light,100.0,20.51,12.0,Lokal,0
light (269).png,Light,100.0,18.25,12.3,Lokal,0
light (27).png,Light,0.0,19.24,12.2,Ekspor,1
light (270).png,Light,100.0,17.01,12.2,Lokal,0
light (271).png,Light,100.0,10.13,11.9,Lokal,0
light (272).png,Light,100.0,20.74,12.2,Lokal,0
light (273).png,Light,100.0,19.23,13.0,Lokal,0
light (274).png,Light,100.0,20.62,12.2,Lokal,0
light (275).png,Light,100.0,17.85,12.8,Lokal,0
light (276).png,Light,100.0,19.72,12.4,Lokal,0
light (277).png,Light,100.0,17.89,12.1,Lokal,0
light (278).png,Light,100.0,17.15,12.3,Lokal,0
light (279).png,Light,100.0,19.75,13.0,Lokal,0
light (28).png,Light,0.0,19.06,12.1,Ekspor,1
light (280).png,Light,100.0,10.21,12.8,Lokal,0
light (281).png,Light,100.0,20.41,12.5,Lokal,0
light (282).png,Light,100.0,18.35,12.5,Lokal,0
light (283).png,Light,100.0,20.72,11.6,Lokal,0
light (284).png,Light,100.0,19.66,12.6,Lokal,0
light (285).png,Light,100.0,8.72,11.4,Lokal,0
light (286).png,Light,100.0,15.75,12.7,Lokal,0
light (287).png,Light,100.0,17.33,12.4,Lokal,0
light (288).png,Light,100.0,16.75,11.9,Lokal,0
light (289).png,Light,100.0,7.53,12.8,Lokal,0
light (29).png,Light,0.0,19.71,12.7,Lokal,0
light (290).png,Light,100.0,16.08,12.5,Lokal,0
light (291).png,Light,100.0,17.75,12.0,Lokal,0
light (292).png,Light,100.0,18.91,11.8,Lokal,0
light (293).png,Light,100.0,19.99,13.0,Lokal,0
light (294).png,Light,100.0,20.21,12.0,Lokal,0
light (295).png,Light,100.0,19.89,13.0,Lokal,0
light (296).png,Light,100.0,16.82,12.6,Lokal,0
light (297).png,Light,100.0,17.31,12.7,Lokal,0
light (298).png,Light,100.0,16.65,12.6,Lokal,0
light (299).png,Light,100.0,8.74,13.0,Lokal,0
light (3).png,Light,100.0,18.39,12.3,Lokal,0
light (30).png,Light,0.0,16.7,12.3,Ekspor,1
light (300).png,Light,0.0,19.7,12.3,Ekspor,1
light (31).png,Light,0.0,18.21,12.4,Ekspor,1
light (32).png,Light,0.0,18.87,12.4,Ekspor,1
light (33).png,Light,100.0,19.72,12.0,Lokal,0
light (34).png,Light,0.0,21.29,12.4,Ekspor,1
light (35).png,Light,100.0,20.49,12.3,Lokal,0
light (36).png,Light,100.0,21.0,12.4,Lokal,0
light (37).png,Light,100.0,20.01,12.0,Lokal,0
light (38).png,Light,0.0,20.23,12.5,Ekspor,1
light (39).png,Light,100.0,20.51,12.4,Lokal,0
light (4).png,Light,100.0,20.67,12.7,Lokal,0
light (40).png,Light,0.0,19.03,12.2,Ekspor,1
light (41).png,Light,0.0,17.02,11.7,Ekspor,1
light (42).png,Light,100.0,20.86,12.6,Lokal,0
light (43).png,Light,100.0,21.77,12.5,Lokal,0
light (44).png,Light,100.0,20.02,11.7,Lokal,0
light (45).png,Light,100.0,21.35,12.6,Lokal,0
light (46).png,Light,100.0,18.38,12.1,Lokal,0
light (47).png,Light,100.0,19.11,11.5,Lokal,0
light (48).png,Light,0.0,18.91,11.8,Ekspor,1
light (49).png,Light,0.0,17.94,12.3,Ekspor,1
light (5).png,Light,100.0,18.88,11.9,Lokal,0
light (50).png,Light,0.0,16.6,12.0,Ekspor,1
light (51).png,Light,0.0,17.96,12.3,Ekspor,1
light (52).png,Light,0.0,19.85,12.7,Lokal,0
light (53).png,Light,100.0,18.18,12.0,Lokal,0
light (54).png,Light,100.0,21.68,11.9,Lokal,0
light (55).png,Light,0.0,19.74,12.3,Ekspor,1
light (56).png,Light,100.0,19.6,12.1,Lokal,0
light (57).png,Light,100.0,21.04,11.4,Lokal,0
light (58).png,Light,0.0,22.02,12.6,Lokal,0
light (59).png,Light,0.0,18.9,12.3,Ekspor,1
light (6).png,Light,0.0,19.91,11.7,Ekspor,1
light (60).png,Light,100.0,18.13,12.4,Lokal,0
light (61).png,Light,0.0,18.09,12.0,Ekspor,1
light (62).png,Light,100.0,16.74,12.1,Lokal,0
light (63).png,Light,0.0,21.03,12.0,Ekspor,1
light (64).png,Light,0.0,20.04,11.9,Ekspor,1
light (65).png,Light,100.0,23.84,12.5,Lokal,0
light (66).png,Light,0.0,22.99,12.4,Ekspor,1
light (67).png,Light,100.0,11.58,11.4,Lokal,0
light (68).png,Light,100.0,20.14,11.7,Lokal,0
light (69).png,Light,100.0,19.61,12.7,Lokal,0
light (7).png,Light,100.0,20.0,12.1,Lokal,0
light (70).png,Light,0.0,17.24,11.9,Ekspor,1
light (71).png,Light,0.0,17.47,12.6,Lokal,0
light (72).png,Light,100.0,19.15,12.7,Lokal,0
light (73).png,Light,0.0,22.49,11.8,Ekspor,1
light (74).png,Light,0.0,20.71,11.6,Ekspor,1
light (75).png,Light,100.0,23.28,12.1,Lokal,0
light (76).png,Light,0.0,20.71,12.6,Lokal,0
light (77).png,Light,0.0,20.85,12.1,Ekspor,1
light (78).png,Light,0.0,18.14,12.0,Ekspor,1
light (79).png,Light,100.0,19.48,12.9,Lokal,0
light (8).png,Light,100.0,18.53,12.3,Lokal,0
light (80).png,Light,100.0,17.6,12.0,Lokal,0
light (81).png,Light,100.0,17.71,12.1,Lokal,0
light (82).png,Light,0.0,20.47,12.3,Ekspor,1
light (83).png,Light,0.0,20.66,12.2,Ekspor,1
light (84).png,Light,50.0,13.57,12.1,Lokal,0
light (85).png,Light,100.0,22.2,11.5,Lokal,0
light (86).png,Light,0.0,19.78,12.5,Ekspor,1
light (87).png,Light,100.0,19.84,12.3,Lokal,0
light (88).png,Light,0.0,19.8,11.5,Ekspor,1
light (89).png,Light,0.0,20.66,11.9,Ekspor,1
light (9).png,Light,100.0,18.23,12.0,Lokal,0
light (90).png,Light,0.0,20.42,11.8,Ekspor,1
light (91).png,Light,100.0,20.97,12.3,Lokal,0
light (92).png,Light,100.0,19.57,11.7,Lokal,0
light (93).png,Light,100.0,21.0,11.9,Lokal,0
light (94).png,Light,100.0,19.76,11.9,Lokal,0
light (95).png,Light,0.0,20.23,12.7,Lokal,0
light (96).png,Light,0.0,18.67,12.3,Ekspor,1
light (97).png,Light,0.0,20.6,12.1,Ekspor,1
light (98).png,Light,100.0,20.46,11.5,Lokal,0
light (99).png,Light,100.0,20.53,11.9,Lokal,0
medium (1).png,Medium,100.0,18.4,11.5,Lokal,0
medium (10).png,Medium,0.0,18.73,11.4,Ekspor,1
medium (100).png,Medium,0.0,18.75,11.2,Ekspor,1
medium (101).png,Medium,0.0,17.67,11.1,Ekspor,1
medium (102).png,Medium,0.0,18.31,11.3,Ekspor,1
medium (103).png,Medium,0.0,16.62,11.1,Ekspor,1
medium (104).png,Medium,0.0,18.47,11.1,Ekspor,1
medium (105).png,Medium,0.0,18.69,11.0,Ekspor,1
medium (106).png,Medium,0.0,20.56,10.9,Ekspor,1
medium (107).png,Medium,0.0,20.73,11.3,Ekspor,1
medium (108).png,Medium,100.0,22.0,10.6,Lokal,0
medium (109).png,Medium,0.0,19.9,10.9,Ekspor,1
medium (11).png,Medium,100.0,18.2,11.1,Lokal,0
medium (110).png,Medium,0.0,18.25,11.0,Ekspor,1
medium (111).png,Medium,0.0,17.69,11.1,Ekspor,1
medium (112).png,Medium,0.0,15.7,10.9,Ekspor,1
medium (113).png,Medium,0.0,18.4,11.3,Ekspor,1
medium (114).png,Medium,0.0,18.82,11.0,Ekspor,1
medium (115).png,Medium,0.0,19.3,11.1,Ekspor,1
medium (116).png,Medium,0.0,21.15,10.9,Ekspor,1
medium (117).png,Medium,100.0,20.11,10.5,Lokal,0
medium (118).png,Medium,0.0,22.03,11.5,Ekspor,1
medium (119).png,Medium,0.0,21.33,10.6,Ekspor,1
medium (12).png,Medium,0.0,19.99,11.4,Ekspor,1
medium (120).png,Medium,0.0,19.99,11.3,Ekspor,1
medium (121).png,Medium,0.0,18.5,11.2,Ekspor,1
medium (122).png,Medium,0.0,18.6,11.0,Ekspor,1
medium (123).png,Medium,0.0,18.82,11.2,Ekspor,1
medium (124).png,Medium,0.0,19.55,11.2,Ekspor,1
medium (125).png,Medium,0.0,22.24,11.5,Ekspor,1
medium (126).png,Medium,0.0,21.39,10.6,Ekspor,1
medium (127).png,Medium,0.0,24.24,11.5,Ekspor,1
medium (128).png,Medium,100.0,20.0,11.5,Lokal,0
medium (129).png,Medium,0.0,20.1,10.7,Ekspor,1
medium (13).png,Medium,0.0,20.76,11.5,Ekspor,1
medium (130).png,Medium,0.0,21.59,11.5,Ekspor,1
medium (131).png,Medium,0.0,19.31,11.6,Ekspor,1
medium (132).png,Medium,100.0,18.89,11.4,Lokal,0
medium (133).png,Medium,0.0,18.99,11.3,Ekspor,1
medium (134).png,Medium,0.0,19.79,11.5,Ekspor,1
medium (135).png,Medium,0.0,21.05,11.2,Ekspor,1
medium (136).png,Medium,0.0,22.94,10.6,Ekspor,1
medium (137).png,Medium,0.0,22.37,10.2,Ekspor,1
medium (138).png,Medium,0.0,23.17,10.5,Ekspor,1
medium (139).png,Medium,0.0,19.93,10.3,Ekspor,1
medium (14).png,Medium,0.0,19.7,11.2,Ekspor,1
medium (140).png,Medium,0.0,19.11,11.2,Ekspor,1
medium (141).png,Medium,0.0,20.13,11.4,Ekspor,1
medium (142).png,Medium,0.0,22.0,11.5,Ekspor,1
medium (143).png,Medium,100.0,16.75,11.2,Lokal,0
medium (144).png,Medium,0.0,20.85,11.4,Ekspor,1
medium (145).png,Medium,0.0,20.32,11.1,Ekspor,1
medium (146).png,Medium,0.0,18.95,10.6,Ekspor,1
medium (147).png,Medium,0.0,22.04,10.7,Ekspor,1
medium (148).png,Medium,0.0,21.25,10.4,Ekspor,1
medium (149).png,Medium,0.0,21.14,10.7,Ekspor,1
medium (15).png,Medium,0.0,21.11,10.6,Ekspor,1
medium (150).png,Medium,0.0,19.34,11.1,Ekspor,1
medium (151).png,Medium,0.0,17.97,11.0,Ekspor,1
medium (152).png,Medium,0.0,18.29,11.2,Ekspor,1
medium (153).png,Medium,0.0,20.25,11.3,Ekspor,1
medium (154).png,Medium,0.0,17.21,11.0,Ekspor,1
medium (155).png,Medium,0.0,21.8,11.7,Ekspor,1
medium (156).png,Medium,0.0,18.8,10.6,Ekspor,1
medium (157).png,Medium,0.0,21.93,11.6,Ekspor,1
medium (158).png,Medium,0.0,21.42,10.6,Ekspor,1
medium (159).png,Medium,0.0,19.09,10.6,Ekspor,1
medium (16).png,Medium,0.0,20.45,10.6,Ekspor,1
medium (160).png,Medium,0.0,20.47,11.5,Ekspor,1
medium (161).png,Medium,0.0,20.62,11.4,Ekspor,1
medium (162).png,Medium,0.0,18.08,11.4,Ekspor,1
medium (163).png,Medium,0.0,18.41,11.2,Ekspor,1
medium (164).png,Medium,0.0,18.25,11.0,Ekspor,1
medium (165).png,Medium,0.0,18.49,10.5,Ekspor,1
medium (166).png,Medium,0.0,20.42,10.6,Ekspor,1
medium (167).png,Medium,0.0,22.57,10.2,Ekspor,1
medium (168).png,Medium,0.0,20.93,10.5,Ekspor,1
medium (169).png,Medium,0.0,19.99,10.5,Ekspor,1
medium (17).png,Medium,0.0,22.57,11.6,Ekspor,1
medium (170).png,Medium,100.0,17.53,11.2,Lokal,0
medium (171).png,Medium,100.0,18.03,10.8,Lokal,0
medium (172).png,Medium,0.0,18.09,11.3,Ekspor,1
medium (173).png,Medium,0.0,19.01,11.1,Ekspor,1
medium (174).png,Medium,0.0,20.96,11.0,Ekspor,1
medium (175).png,Medium,0.0,20.21,11.2,Ekspor,1
medium (176).png,Medium,0.0,21.4,10.4,Ekspor,1
medium (177).png,Medium,0.0,20.78,10.1,Ekspor,1
medium (178).png,Medium,0.0,20.98,10.4,Ekspor,1
medium (179).png,Medium,0.0,19.73,10.4,Ekspor,1
medium (18).png,Medium,100.0,23.89,11.7,Lokal,0
medium (180).png,Medium,0.0,19.5,11.3,Ekspor,1
medium (181).png,Medium,0.0,18.87,11.0,Ekspor,1
medium (182).png,Medium,0.0,16.07,11.2,Ekspor,1
medium (183).png,Medium,0.0,18.02,11.2,Ekspor,1
medium (184).png,Medium,0.0,18.87,11.3,Ekspor,1
medium (185).png,Medium,0.0,21.45,11.2,Ekspor,1
medium (186).png,Medium,0.0,21.87,10.5,Ekspor,1
medium (187).png,Medium,0.0,21.79,10.6,Ekspor,1
medium (188).png,Medium,100.0,11.12,10.3,Lokal,0
medium (189).png,Medium,0.0,20.54,10.8,Ekspor,1
medium (19).png,Medium,0.0,20.76,10.5,Ekspor,1
medium (190).png,Medium,0.0,18.26,11.3,Ekspor,1
medium (191).png,Medium,0.0,18.29,11.3,Ekspor,1
medium (192).png,Medium,0.0,16.91,11.1,Ekspor,1
medium (193).png,Medium,0.0,17.95,11.1,Ekspor,1
medium (194).png,Medium,0.0,19.18,11.4,Ekspor,1
medium (195).png,Medium,0.0,19.76,11.2,Ekspor,1
medium (196).png,Medium,0.0,21.27,10.7,Ekspor,1
medium (197).png,Medium,0.0,22.27,10.5,Ekspor,1
medium (198).png,Medium,100.0,22.24,11.0,Lokal,0
medium (199).png,Medium,0.0,21.25,10.6,Ekspor,1
medium (2).png,Medium,0.0,22.22,11.8,Ekspor,1
medium (20).png,Medium,0.0,20.3,10.4,Ekspor,1
medium (200).png,Medium,0.0,20.92,11.4,Ekspor,1
medium (201).png,Medium,0.0,19.42,11.4,Ekspor,1
medium (202).png,Medium,0.0,17.17,11.1,Ekspor,1
medium (203).png,Medium,0.0,19.79,11.1,Ekspor,1
medium (204).png,Medium,100.0,21.36,12.0,Lokal,0
medium (205).png,Medium,100.0,21.08,11.6,Lokal,0
medium (206).png,Medium,0.0,19.62,11.5,Ekspor,1
medium (207).png,Medium,100.0,22.54,11.4,Lokal,0
medium (208).png,Medium,0.0,19.84,11.1,Ekspor,1
medium (209).png,Medium,0.0,19.66,11.5,Ekspor,1
medium (21).png,Medium,0.0,22.18,11.6,Ekspor,1
medium (210).png,Medium,0.0,17.23,11.6,Ekspor,1
medium (211).png,Medium,0.0,17.35,11.0,Ekspor,1
medium (212).png,Medium,0.0,17.35,11.4,Ekspor,1
medium (213).png,Medium,0.0,18.28,11.3,Ekspor,1
medium (214).png,Medium,0.0,17.34,11.8,Ekspor,1
medium (215).png,Medium,0.0,19.31,11.7,Ekspor,1
medium (216).png,Medium,0.0,20.92,11.2,Ekspor,1
medium (217).png,Medium,0.0,21.12,11.7,Ekspor,1
medium (218).png,Medium,0.0,19.76,11.9,Ekspor,1
medium (219).png,Medium,0.0,18.96,12.3,Ekspor,1
medium (22).png,Medium,100.0,20.17,11.5,Lokal,0
medium (220).png,Medium,0.0,20.2,12.5,Ekspor,1
medium (221).png,Medium,0.0,19.02,11.7,Ekspor,1
medium (222).png,Medium,0.0,19.65,11.9,Ekspor,1
medium (223).png,Medium,0.0,21.19,12.0,Ekspor,1
medium (224).png,Medium,0.0,19.17,11.4,Ekspor,1
medium (225).png,Medium,0.0,19.63,12.0,Ekspor,1
medium (226).png,Medium,0.0,21.16,12.2,Ekspor,1
medium (227).png,Medium,0.0,18.41,11.6,Ekspor,1
medium (228).png,Medium,0.0,18.89,11.5,Ekspor,1
medium (229).png,Medium,0.0,18.14,11.2,Ekspor,1
medium (23).png,Medium,0.0,20.46,11.3,Ekspor,1
medium (230).png,Medium,0.0,18.81,11.0,Ekspor,1
medium (231).png,Medium,0.0,19.99,11.1,Ekspor,1
medium (232).png,Medium,0.0,20.89,11.2,Ekspor,1
medium (233).png,Medium,0.0,22.11,11.2,Ekspor,1
medium (234).png,Medium,0.0,24.05,11.8,Ekspor,1
medium (235).png,Medium,0.0,21.93,11.4,Ekspor,1
medium (236).png,Medium,0.0,20.81,11.2,Ekspor,1
medium (237).png,Medium,0.0,21.81,11.2,Ekspor,1
medium (238).png,Medium,0.0,20.54,11.9,Ekspor,1
medium (239).png,Medium,0.0,20.59,11.3,Ekspor,1
medium (24).png,Medium,0.0,21.41,11.2,Ekspor,1
medium (240).png,Medium,0.0,22.62,11.8,Ekspor,1
medium (241).png,Medium,0.0,23.47,11.0,Ekspor,1
medium (242).png,Medium,0.0,22.6,11.3,Ekspor,1
medium (243).png,Medium,0.0,20.75,11.2,Ekspor,1
medium (244).png,Medium,0.0,19.99,11.4,Ekspor,1
medium (245).png,Medium,0.0,19.86,11.3,Ekspor,1
medium (246).png,Medium,0.0,18.35,11.3,Ekspor,1
medium (247).png,Medium,0.0,19.57,11.2,Ekspor,1
medium (248).png,Medium,0.0,20.55,11.3,Ekspor,1
medium (249).png,Medium,0.0,22.42,11.5,Ekspor,1
medium (25).png,Medium,0.0,21.34,10.6,Ekspor,1
medium (250).png,Medium,0.0,22.56,11.3,Ekspor,1
medium (251).png,Medium,0.0,19.54,11.2,Ekspor,1
medium (252).png,Medium,0.0,21.2,11.6,Ekspor,1
medium (253).png,Medium,100.0,20.81,11.2,Lokal,0
medium (254).png,Medium,100.0,20.53,10.9,Lokal,0
medium (255).png,Medium,0.0,20.98,11.3,Ekspor,1
medium (256).png,Medium,0.0,21.43,11.5,Ekspor,1
medium (257).png,Medium,0.0,21.57,11.5,Ekspor,1
medium (258).png,Medium,100.0,15.7,11.3,Lokal,0
medium (259).png,Medium,0.0,20.41,10.9,Ekspor,1
medium (26).png,Medium,0.0,21.16,10.5,Ekspor,1
medium (260).png,Medium,0.0,21.35,11.2,Ekspor,1
medium (261).png,Medium,0.0,21.45,11.2,Ekspor,1
medium (262).png,Medium,0.0,21.51,11.3,Ekspor,1
medium (263).png,Medium,100.0,21.73,11.4,Lokal,0
medium (264).png,Medium,0.0,20.37,11.3,Ekspor,1
medium (265).png,Medium,0.0,20.98,11.4,Ekspor,1
medium (266).png,Medium,0.0,19.62,11.2,Ekspor,1
medium (267).png,Medium,100.0,19.49,11.2,Lokal,0
medium (268).png,Medium,0.0,20.66,11.4,Ekspor,1
medium (269).png,Medium,100.0,21.98,12.2,Lokal,0
medium (27).png,Medium,0.0,22.82,11.4,Ekspor,1
medium (270).png,Medium,0.0,21.47,11.2,Ekspor,1
medium (271).png,Medium,0.0,21.8,11.4,Ekspor,1
medium (272).png,Medium,0.0,19.84,11.2,Ekspor,1
medium (273).png,Medium,0.0,20.6,11.3,Ekspor,1
medium (274).png,Medium,0.0,17.59,11.0,Ekspor,1
medium (275).png,Medium,0.0,19.88,11.3,Ekspor,1
medium (276).png,Medium,0.0,21.21,11.6,Ekspor,1
medium (277).png,Medium,100.0,21.44,11.4,Lokal,0
medium (278).png,Medium,100.0,22.61,12.5,Lokal,0
medium (279).png,Medium,0.0,21.57,11.3,Ekspor,1
medium (28).png,Medium,0.0,21.65,11.7,Ekspor,1
medium (280).png,Medium,0.0,20.95,12.6,Lokal,0
medium (281).png,Medium,100.0,21.18,11.0,Lokal,0
medium (282).png,Medium,0.0,20.48,11.3,Ekspor,1
medium (283).png,Medium,0.0,21.47,11.0,Ekspor,1
medium (284).png,Medium,0.0,22.39,11.5,Ekspor,1
medium (285).png,Medium,100.0,21.79,11.5,Lokal,0
medium (286).png,Medium,0.0,18.23,12.1,Ekspor,1
medium (287).png,Medium,0.0,18.05,10.9,Ekspor,1
medium (288).png,Medium,0.0,18.78,11.1,Ekspor,1
medium (289).png,Medium,0.0,17.65,11.6,Ekspor,1
medium (29).png,Medium,0.0,20.66,10.8,Ekspor,1
medium (290).png,Medium,0.0,18.26,11.2,Ekspor,1
medium (291).png,Medium,0.0,18.85,11.2,Ekspor,1
medium (292).png,Medium,100.0,20.69,11.0,Lokal,0
medium (293).png,Medium,100.0,20.86,11.7,Lokal,0
medium (294).png,Medium,0.0,19.77,11.4,Ekspor,1
medium (295).png,Medium,100.0,22.36,11.9,Lokal,0
medium (296).png,Medium,0.0,19.61,12.2,Ekspor,1
medium (297).png,Medium,0.0,21.75,11.7,Ekspor,1
medium (298).png,Medium,100.0,19.32,11.4,Lokal,0
medium (299).png,Medium,0.0,21.25,11.3,Ekspor,1
medium (3).png,Medium,0.0,21.27,11.5,Ekspor,1
medium (30).png,Medium,0.0,18.16,10.9,Ekspor,1
medium (300).png,Medium,100.0,18.09,11.4,Lokal,0
medium (31).png,Medium,0.0,20.21,11.3,Ekspor,1
medium (32).png,Medium,0.0,20.06,11.5,Ekspor,1
medium (33).png,Medium,0.0,18.03,11.4,Ekspor,1
medium (34).png,Medium,0.0,21.72,11.6,Ekspor,1
medium (35).png,Medium,0.0,21.56,10.7,Ekspor,1
medium (36).png,Medium,0.0,21.45,10.5,Ekspor,1
medium (37).png,Medium,0.0,22.44,11.5,Ekspor,1
medium (38).png,Medium,100.0,21.35,11.4,Lokal,0
medium (39).png,Medium,0.0,21.41,10.5,Ekspor,1
medium (4).png,Medium,0.0,21.23,11.5,Ekspor,1
medium (40).png,Medium,0.0,20.38,11.2,Ekspor,1
medium (41).png,Medium,100.0,19.06,11.3,Lokal,0
medium (42).png,Medium,0.0,19.82,11.2,Ekspor,1
medium (43).png,Medium,0.0,20.57,11.5,Ekspor,1
medium (44).png,Medium,0.0,22.51,11.6,Ekspor,1
medium (45).png,Medium,0.0,22.44,10.6,Ekspor,1
medium (46).png,Medium,0.0,21.75,10.5,Ekspor,1
medium (47).png,Medium,0.0,22.71,11.5,Ekspor,1
medium (48).png,Medium,100.0,23.33,11.5,Lokal,0
medium (49).png,Medium,0.0,21.43,10.6,Ekspor,1
medium (5).png,Medium,0.0,20.76,10.9,Ekspor,1
medium (50).png,Medium,0.0,19.17,11.3,Ekspor,1
medium (51).png,Medium,0.0,17.46,11.2,Ekspor,1
medium (52).png,Medium,0.0,19.68,11.2,Ekspor,1
medium (53).png,Medium,100.0,19.59,11.3,Lokal,0
medium (54).png,Medium,0.0,20.07,11.1,Ekspor,1
medium (55).png,Medium,0.0,23.26,11.4,Ekspor,1
medium (56).png,Medium,0.0,21.47,11.0,Ekspor,1
medium (57).png,Medium,0.0,22.66,11.3,Ekspor,1
medium (58).png,Medium,0.0,22.72,11.7,Ekspor,1
medium (59).png,Medium,0.0,21.01,10.1,Ekspor,1
medium (6).png,Medium,0.0,23.2,11.1,Ekspor,1
medium (60).png,Medium,0.0,19.12,10.5,Ekspor,1
medium (61).png,Medium,0.0,19.38,11.0,Ekspor,1
medium (62).png,Medium,0.0,18.95,11.1,Ekspor,1
medium (63).png,Medium,0.0,18.48,11.3,Ekspor,1
medium (64).png,Medium,0.0,20.93,11.2,Ekspor,1
medium (65).png,Medium,0.0,20.89,10.4,Ekspor,1
medium (66).png,Medium,0.0,20.44,10.4,Ekspor,1
medium (67).png,Medium,0.0,24.05,11.6,Ekspor,1
medium (68).png,Medium,0.0,22.41,11.4,Ekspor,1
medium (69).png,Medium,0.0,22.65,10.5,Ekspor,1
medium (7).png,Medium,100.0,20.78,11.6,Lokal,0
medium (70).png,Medium,0.0,18.54,11.0,Ekspor,1
medium (71).png,Medium,0.0,17.96,11.2,Ekspor,1
medium (72).png,Medium,0.0,19.63,11.3,Ekspor,1
medium (73).png,Medium,0.0,20.1,11.4,Ekspor,1
medium (74).png,Medium,0.0,19.12,11.1,Ekspor,1
medium (75).png,Medium,0.0,21.29,11.2,Ekspor,1
medium (76).png,Medium,0.0,23.54,10.4,Ekspor,1
medium (77).png,Medium,100.0,23.61,11.5,Lokal,0
medium (78).png,Medium,0.0,23.03,11.5,Ekspor,1
medium (79).png,Medium,0.0,21.06,10.4,Ekspor,1
medium (8).png,Medium,100.0,20.77,11.5,Lokal,0
medium (80).png,Medium,0.0,17.66,10.4,Ekspor,1
medium (81).png,Medium,0.0,17.55,10.9,Ekspor,1
medium (82).png,Medium,0.0,18.07,11.0,Ekspor,1
medium (83).png,Medium,0.0,17.8,11.2,Ekspor,1
medium (84).png,Medium,0.0,20.98,11.2,Ekspor,1
medium (85).png,Medium,0.0,19.61,10.4,Ekspor,1
medium (86).png,Medium,0.0,19.75,10.2,Ekspor,1
medium (87).png,Medium,0.0,21.2,11.6,Ekspor,1
medium (88).png,Medium,0.0,22.17,11.3,Ekspor,1
medium (89).png,Medium,0.0,20.9,10.5,Ekspor,1
medium (9).png,Medium,0.0,22.05,10.7,Ekspor,1
medium (90).png,Medium,0.0,19.31,11.0,Ekspor,1
medium (91).png,Medium,0.0,19.7,11.3,Ekspor,1
medium (92).png,Medium,0.0,18.76,11.3,Ekspor,1
medium (93).png,Medium,0.0,20.33,11.3,Ekspor,1
medium (94).png,Medium,0.0,19.9,11.0,Ekspor,1
medium (95).png,Medium,0.0,18.44,11.0,Ekspor,1
medium (96).png,Medium,0.0,21.26,10.3,Ekspor,1
medium (97).png,Medium,0.0,21.1,11.5,Ekspor,1
medium (98).png,Medium,0.0,20.67,11.6,Ekspor,1
medium (99).png,Medium,0.0,19.12,10.6,Ekspor,1
